check_id,label,category_id,category_name,raw_value,normalized,tool,deduplicated,timestamp,environment_label,runtime_seconds
checking_if_process_loaded_modules_contains_avghookx_dll,Checking if process loaded modules contains: avghookx.dll,vm_checks,VM Detection Checks,GOOD,not_detected,al-khaser,False,2026-06-10T16:04:59.634002+00:00,win10_vbox_default,85.3439
checking_if_process_loaded_modules_contains_avghooka_dll,Checking if process loaded modules contains: avghooka.dll,vm_checks,VM Detection Checks,GOOD,not_detected,al-khaser,False,2026-06-10T16:04:59.634002+00:00,win10_vbox_default,85.3439
checking_if_process_loaded_modules_contains_snxhk_dll,Checking if process loaded modules contains: snxhk.dll,vm_checks,VM Detection Checks,GOOD,not_detected,al-khaser,False,2026-06-10T16:04:59.634002+00:00,win10_vbox_default,85.3439
checking_if_process_loaded_modules_contains_sbiedll_dll,Checking if process loaded modules contains: sbiedll.dll,vm_checks,VM Detection Checks,GOOD,not_detected,al-khaser,False,2026-06-10T16:04:59.634002+00:00,win10_vbox_default,85.3439
checking_if_process_loaded_modules_contains_dbghelp_dll,Checking if process loaded modules contains: dbghelp.dll,vm_checks,VM Detection Checks,GOOD,not_detected,al-khaser,False,2026-06-10T16:04:59.634002+00:00,win10_vbox_default,85.3439
checking_if_process_loaded_modules_contains_api_log_dll,Checking if process loaded modules contains: api_log.dll,vm_checks,VM Detection Checks,GOOD,not_detected,al-khaser,False,2026-06-10T16:04:59.634002+00:00,win10_vbox_default,85.3439
checking_if_process_loaded_modules_contains_dir_watch_dll,Checking if process loaded modules contains: dir_watch.dll,vm_checks,VM Detection Checks,GOOD,not_detected,al-khaser,False,2026-06-10T16:04:59.634002+00:00,win10_vbox_default,85.3439
checking_if_process_loaded_modules_contains_pstorec_dll,Checking if process loaded modules contains: pstorec.dll,vm_checks,VM Detection Checks,GOOD,not_detected,al-khaser,False,2026-06-10T16:04:59.634002+00:00,win10_vbox_default,85.3439
checking_if_process_loaded_modules_contains_vmcheck_dll,Checking if process loaded modules contains: vmcheck.dll,vm_checks,VM Detection Checks,GOOD,not_detected,al-khaser,False,2026-06-10T16:04:59.634002+00:00,win10_vbox_default,85.3439
checking_if_process_loaded_modules_contains_wpespy_dll,Checking if process loaded modules contains: wpespy.dll,vm_checks,VM Detection Checks,GOOD,not_detected,al-khaser,False,2026-06-10T16:04:59.634002+00:00,win10_vbox_default,85.3439
checking_if_process_loaded_modules_contains_cmdvrt64_dll,Checking if process loaded modules contains: cmdvrt64.dll,vm_checks,VM Detection Checks,GOOD,not_detected,al-khaser,False,2026-06-10T16:04:59.634002+00:00,win10_vbox_default,85.3439
checking_if_process_loaded_modules_contains_cmdvrt32_dll,Checking if process loaded modules contains: cmdvrt32.dll,vm_checks,VM Detection Checks,GOOD,not_detected,al-khaser,False,2026-06-10T16:04:59.634002+00:00,win10_vbox_default,85.3439
checking_if_process_file_name_contains_sample_exe,Checking if process file name contains: sample.exe,vm_checks,VM Detection Checks,GOOD,not_detected,al-khaser,False,2026-06-10T16:04:59.634002+00:00,win10_vbox_default,85.3439
checking_if_process_file_name_contains_bot_exe,Checking if process file name contains: bot.exe,vm_checks,VM Detection Checks,GOOD,not_detected,al-khaser,False,2026-06-10T16:04:59.634002+00:00,win10_vbox_default,85.3439
checking_if_process_file_name_contains_sandbox_exe,Checking if process file name contains: sandbox.exe,vm_checks,VM Detection Checks,GOOD,not_detected,al-khaser,False,2026-06-10T16:04:59.634002+00:00,win10_vbox_default,85.3439
checking_if_process_file_name_contains_malware_exe,Checking if process file name contains: malware.exe,vm_checks,VM Detection Checks,GOOD,not_detected,al-khaser,False,2026-06-10T16:04:59.634002+00:00,win10_vbox_default,85.3439
checking_if_process_file_name_contains_test_exe,Checking if process file name contains: test.exe,vm_checks,VM Detection Checks,GOOD,not_detected,al-khaser,False,2026-06-10T16:04:59.634002+00:00,win10_vbox_default,85.3439
checking_if_process_file_name_contains_klavme_exe,Checking if process file name contains: klavme.exe,vm_checks,VM Detection Checks,GOOD,not_detected,al-khaser,False,2026-06-10T16:04:59.634002+00:00,win10_vbox_default,85.3439
checking_if_process_file_name_contains_myapp_exe,Checking if process file name contains: myapp.exe,vm_checks,VM Detection Checks,GOOD,not_detected,al-khaser,False,2026-06-10T16:04:59.634002+00:00,win10_vbox_default,85.3439
checking_if_process_file_name_contains_testapp_exe,Checking if process file name contains: testapp.exe,vm_checks,VM Detection Checks,GOOD,not_detected,al-khaser,False,2026-06-10T16:04:59.634002+00:00,win10_vbox_default,85.3439
checking_if_process_file_name_looks_like_a_hash_al_khaser_x86,Checking if process file name looks like a hash: al-khaser_x86,vm_checks,VM Detection Checks,GOOD,not_detected,al-khaser,False,2026-06-10T16:04:59.634002+00:00,win10_vbox_default,85.3439
checking_if_username_matches_currentuser,Checking if username matches : CurrentUser,vm_checks,VM Detection Checks,GOOD,not_detected,al-khaser,False,2026-06-10T16:04:59.634002+00:00,win10_vbox_default,85.3439
checking_if_username_matches_sandbox,Checking if username matches : Sandbox,vm_checks,VM Detection Checks,GOOD,not_detected,al-khaser,False,2026-06-10T16:04:59.634002+00:00,win10_vbox_default,85.3439
checking_if_username_matches_emily,Checking if username matches : Emily,vm_checks,VM Detection Checks,GOOD,not_detected,al-khaser,False,2026-06-10T16:04:59.634002+00:00,win10_vbox_default,85.3439
checking_if_username_matches_hapubws,Checking if username matches : HAPUBWS,vm_checks,VM Detection Checks,GOOD,not_detected,al-khaser,False,2026-06-10T16:04:59.634002+00:00,win10_vbox_default,85.3439
checking_if_username_matches_hong_lee,Checking if username matches : Hong Lee,vm_checks,VM Detection Checks,GOOD,not_detected,al-khaser,False,2026-06-10T16:04:59.634002+00:00,win10_vbox_default,85.3439
checking_if_username_matches_it_admin,Checking if username matches : IT-ADMIN,vm_checks,VM Detection Checks,GOOD,not_detected,al-khaser,False,2026-06-10T16:04:59.634002+00:00,win10_vbox_default,85.3439
checking_if_username_matches_johnson,Checking if username matches : Johnson,vm_checks,VM Detection Checks,GOOD,not_detected,al-khaser,False,2026-06-10T16:04:59.634002+00:00,win10_vbox_default,85.3439
checking_if_username_matches_miller,Checking if username matches : Miller,vm_checks,VM Detection Checks,GOOD,not_detected,al-khaser,False,2026-06-10T16:04:59.634002+00:00,win10_vbox_default,85.3439
checking_if_username_matches_milozs,Checking if username matches : milozs,vm_checks,VM Detection Checks,GOOD,not_detected,al-khaser,False,2026-06-10T16:04:59.634002+00:00,win10_vbox_default,85.3439
checking_if_username_matches_peter_wilson,Checking if username matches : Peter Wilson,vm_checks,VM Detection Checks,GOOD,not_detected,al-khaser,False,2026-06-10T16:04:59.634002+00:00,win10_vbox_default,85.3439
checking_if_username_matches_timmy,Checking if username matches : timmy,vm_checks,VM Detection Checks,GOOD,not_detected,al-khaser,False,2026-06-10T16:04:59.634002+00:00,win10_vbox_default,85.3439
checking_if_username_matches_user,Checking if username matches : user,vm_checks,VM Detection Checks,GOOD,not_detected,al-khaser,False,2026-06-10T16:04:59.634002+00:00,win10_vbox_default,85.3439
checking_if_username_matches_sand_box,Checking if username matches : sand box,vm_checks,VM Detection Checks,GOOD,not_detected,al-khaser,False,2026-06-10T16:04:59.634002+00:00,win10_vbox_default,85.3439
checking_if_username_matches_malware,Checking if username matches : malware,vm_checks,VM Detection Checks,GOOD,not_detected,al-khaser,False,2026-06-10T16:04:59.634002+00:00,win10_vbox_default,85.3439
checking_if_username_matches_maltest,Checking if username matches : maltest,vm_checks,VM Detection Checks,GOOD,not_detected,al-khaser,False,2026-06-10T16:04:59.634002+00:00,win10_vbox_default,85.3439
checking_if_username_matches_test_user,Checking if username matches : test user,vm_checks,VM Detection Checks,GOOD,not_detected,al-khaser,False,2026-06-10T16:04:59.634002+00:00,win10_vbox_default,85.3439
checking_if_username_matches_virus,Checking if username matches : virus,vm_checks,VM Detection Checks,GOOD,not_detected,al-khaser,False,2026-06-10T16:04:59.634002+00:00,win10_vbox_default,85.3439
checking_if_username_matches_john_doe,Checking if username matches : John Doe,vm_checks,VM Detection Checks,GOOD,not_detected,al-khaser,False,2026-06-10T16:04:59.634002+00:00,win10_vbox_default,85.3439
checking_if_hostname_matches_sandbox,Checking if hostname matches : SANDBOX,vm_checks,VM Detection Checks,GOOD,not_detected,al-khaser,False,2026-06-10T16:04:59.634002+00:00,win10_vbox_default,85.3439
checking_if_hostname_matches_7silvia,Checking if hostname matches : 7SILVIA,vm_checks,VM Detection Checks,GOOD,not_detected,al-khaser,False,2026-06-10T16:04:59.634002+00:00,win10_vbox_default,85.3439
checking_if_hostname_matches_hanspeter_pc,Checking if hostname matches : HANSPETER-PC,vm_checks,VM Detection Checks,GOOD,not_detected,al-khaser,False,2026-06-10T16:04:59.634002+00:00,win10_vbox_default,85.3439
checking_if_hostname_matches_john_pc,Checking if hostname matches : JOHN-PC,vm_checks,VM Detection Checks,GOOD,not_detected,al-khaser,False,2026-06-10T16:04:59.634002+00:00,win10_vbox_default,85.3439
checking_if_hostname_matches_mueller_pc,Checking if hostname matches : MUELLER-PC,vm_checks,VM Detection Checks,GOOD,not_detected,al-khaser,False,2026-06-10T16:04:59.634002+00:00,win10_vbox_default,85.3439
checking_if_hostname_matches_win7_traps,Checking if hostname matches : WIN7-TRAPS,vm_checks,VM Detection Checks,GOOD,not_detected,al-khaser,False,2026-06-10T16:04:59.634002+00:00,win10_vbox_default,85.3439
checking_if_hostname_matches_fortinet,Checking if hostname matches : FORTINET,vm_checks,VM Detection Checks,GOOD,not_detected,al-khaser,False,2026-06-10T16:04:59.634002+00:00,win10_vbox_default,85.3439
checking_if_hostname_matches_tequilaboomboom,Checking if hostname matches : TEQUILABOOMBOOM,vm_checks,VM Detection Checks,GOOD,not_detected,al-khaser,False,2026-06-10T16:04:59.634002+00:00,win10_vbox_default,85.3439
checking_whether_username_is_wilber_and_netbios_name_starts_with_sc_or_sw,Checking whether username is 'Wilber' and NetBIOS name starts with 'SC' or 'SW',vm_checks,VM Detection Checks,GOOD,not_detected,al-khaser,False,2026-06-10T16:04:59.634002+00:00,win10_vbox_default,85.3439
checking_whether_username_is_admin_and_netbios_name_is_systemit,Checking whether username is 'admin' and NetBIOS name is 'SystemIT',vm_checks,VM Detection Checks,GOOD,not_detected,al-khaser,False,2026-06-10T16:04:59.634002+00:00,win10_vbox_default,85.3439
checking_whether_username_is_admin_and_dns_hostname_is_klone_x64_pc,Checking whether username is 'admin' and DNS hostname is 'KLONE_X64-PC',vm_checks,VM Detection Checks,GOOD,not_detected,al-khaser,False,2026-06-10T16:04:59.634002+00:00,win10_vbox_default,85.3439
checking_whether_username_is_john_and_two_sandbox_files_exist,Checking whether username is 'John' and two sandbox files exist,vm_checks,VM Detection Checks,GOOD,not_detected,al-khaser,False,2026-06-10T16:04:59.634002+00:00,win10_vbox_default,85.3439
checking_whether_four_known_sandbox_email_file_paths_exist,Checking whether four known sandbox 'email' file paths exist,vm_checks,VM Detection Checks,GOOD,not_detected,al-khaser,False,2026-06-10T16:04:59.634002+00:00,win10_vbox_default,85.3439
checking_whether_three_known_sandbox_foobar_files_exist,Checking whether three known sandbox 'foobar' files exist,vm_checks,VM Detection Checks,GOOD,not_detected,al-khaser,False,2026-06-10T16:04:59.634002+00:00,win10_vbox_default,85.3439
checking_processes_looking_glass_host_exe,Checking processes looking-glass-host.exe,vm_checks,VM Detection Checks,GOOD,not_detected,al-khaser,False,2026-06-10T16:04:59.634002+00:00,win10_vbox_default,85.3439
checking_processes_vddsystray_exe,Checking processes VDDSysTray.exe,vm_checks,VM Detection Checks,GOOD,not_detected,al-khaser,False,2026-06-10T16:04:59.634002+00:00,win10_vbox_default,85.3439
checking_number_of_processors_in_machine,Checking Number of processors in machine,vm_checks,VM Detection Checks,GOOD,not_detected,al-khaser,False,2026-06-10T16:04:59.634002+00:00,win10_vbox_default,85.3439
checking_interupt_descriptor_table_location,Checking Interupt Descriptor Table location,vm_checks,VM Detection Checks,GOOD,not_detected,al-khaser,False,2026-06-10T16:04:59.634002+00:00,win10_vbox_default,85.3439
checking_local_descriptor_table_location,Checking Local Descriptor Table location,vm_checks,VM Detection Checks,GOOD,not_detected,al-khaser,False,2026-06-10T16:04:59.634002+00:00,win10_vbox_default,85.3439
checking_global_descriptor_table_location,Checking Global Descriptor Table location,vm_checks,VM Detection Checks,GOOD,not_detected,al-khaser,False,2026-06-10T16:04:59.634002+00:00,win10_vbox_default,85.3439
checking_store_task_register,Checking Store Task Register,vm_checks,VM Detection Checks,GOOD,not_detected,al-khaser,False,2026-06-10T16:04:59.634002+00:00,win10_vbox_default,85.3439
checking_number_of_cores_in_machine_using_wmi,Checking Number of cores in machine using WMI,vm_checks,VM Detection Checks,GOOD,not_detected,al-khaser,False,2026-06-10T16:04:59.634002+00:00,win10_vbox_default,85.3439
checking_hard_disk_size_using_wmi,Checking hard disk size using WMI,vm_checks,VM Detection Checks,BAD,detected,al-khaser,False,2026-06-10T16:04:59.634002+00:00,win10_vbox_default,85.3439
checking_hard_disk_size_using_deviceiocontrol,Checking hard disk size using DeviceIoControl,vm_checks,VM Detection Checks,GOOD,not_detected,al-khaser,False,2026-06-10T16:04:59.634002+00:00,win10_vbox_default,85.3439
checking_setupdi_diskdrive,Checking SetupDi_diskdrive,vm_checks,VM Detection Checks,BAD,detected,al-khaser,False,2026-06-10T16:04:59.634002+00:00,win10_vbox_default,85.3439
checking_mouse_movement,Checking mouse movement,vm_checks,VM Detection Checks,GOOD,not_detected,al-khaser,False,2026-06-10T16:04:59.634002+00:00,win10_vbox_default,85.3439
checking_lack_of_user_input,Checking lack of user input,vm_checks,VM Detection Checks,BAD,detected,al-khaser,False,2026-06-10T16:04:59.634002+00:00,win10_vbox_default,85.3439
checking_memory_space_using_globalmemorystatusex,Checking memory space using GlobalMemoryStatusEx,vm_checks,VM Detection Checks,GOOD,not_detected,al-khaser,False,2026-06-10T16:04:59.634002+00:00,win10_vbox_default,85.3439
checking_disk_size_using_getdiskfreespaceex,Checking disk size using GetDiskFreeSpaceEx,vm_checks,VM Detection Checks,BAD,detected,al-khaser,False,2026-06-10T16:04:59.634002+00:00,win10_vbox_default,85.3439
checking_if_cpu_hypervisor_field_is_set_using_cpuid_0x1,Checking if CPU hypervisor field is set using cpuid(0x1),vm_checks,VM Detection Checks,BAD,detected,al-khaser,False,2026-06-10T16:04:59.634002+00:00,win10_vbox_default,85.3439
checking_hypervisor_vendor_using_cpuid_0x40000000,Checking hypervisor vendor using cpuid(0x40000000),vm_checks,VM Detection Checks,BAD,detected,al-khaser,False,2026-06-10T16:04:59.634002+00:00,win10_vbox_default,85.3439
check_if_machine_is_hosted_on_cloud,Check if Machine is hosted on Cloud,vm_checks,VM Detection Checks,GOOD,not_detected,al-khaser,False,2026-06-10T16:04:59.634002+00:00,win10_vbox_default,85.3439
check_if_time_has_been_accelerated,Check if time has been accelerated,vm_checks,VM Detection Checks,GOOD,not_detected,al-khaser,False,2026-06-10T16:04:59.634002+00:00,win10_vbox_default,85.3439
vm_driver_services,VM Driver Services,vm_checks,VM Detection Checks,GOOD,not_detected,al-khaser,False,2026-06-10T16:04:59.634002+00:00,win10_vbox_default,85.3439
checking_serialnumber_from_bios_using_wmi,Checking SerialNumber from BIOS using WMI,vm_checks,VM Detection Checks,BAD,detected,al-khaser,False,2026-06-10T16:04:59.634002+00:00,win10_vbox_default,85.3439
checking_model_from_computersystem_using_wmi,Checking Model from ComputerSystem using WMI,vm_checks,VM Detection Checks,BAD,detected,al-khaser,False,2026-06-10T16:04:59.634002+00:00,win10_vbox_default,85.3439
checking_manufacturer_from_computersystem_using_wmi,Checking Manufacturer from ComputerSystem using WMI,vm_checks,VM Detection Checks,BAD,detected,al-khaser,False,2026-06-10T16:04:59.634002+00:00,win10_vbox_default,85.3439
checking_current_temperature_using_wmi,Checking Current Temperature using WMI,vm_checks,VM Detection Checks,GOOD,not_detected,al-khaser,False,2026-06-10T16:04:59.634002+00:00,win10_vbox_default,85.3439
checking_processid_using_wmi,Checking ProcessId using WMI,vm_checks,VM Detection Checks,BAD,detected,al-khaser,False,2026-06-10T16:04:59.634002+00:00,win10_vbox_default,85.3439
checking_power_capabilities,Checking power capabilities,vm_checks,VM Detection Checks,BAD,detected,al-khaser,False,2026-06-10T16:04:59.634002+00:00,win10_vbox_default,85.3439
checking_cpu_fan_using_wmi,Checking CPU fan using WMI,vm_checks,VM Detection Checks,BAD,detected,al-khaser,False,2026-06-10T16:04:59.634002+00:00,win10_vbox_default,85.3439
checking_ntquerylicensevalue_with_kernel_vmdetection_private,Checking NtQueryLicenseValue with Kernel-VMDetection-Private,vm_checks,VM Detection Checks,GOOD,not_detected,al-khaser,False,2026-06-10T16:04:59.634002+00:00,win10_vbox_default,85.3439
checking_win32_cachememory_with_wmi,Checking Win32_CacheMemory with WMI,vm_checks,VM Detection Checks,BAD,detected,al-khaser,False,2026-06-10T16:04:59.634002+00:00,win10_vbox_default,85.3439
checking_win32_physicalmemory_with_wmi,Checking Win32_PhysicalMemory with WMI,vm_checks,VM Detection Checks,BAD,detected,al-khaser,False,2026-06-10T16:04:59.634002+00:00,win10_vbox_default,85.3439
checking_win32_memorydevice_with_wmi,Checking Win32_MemoryDevice with WMI,vm_checks,VM Detection Checks,BAD,detected,al-khaser,False,2026-06-10T16:04:59.634002+00:00,win10_vbox_default,85.3439
checking_win32_memoryarray_with_wmi,Checking Win32_MemoryArray with WMI,vm_checks,VM Detection Checks,BAD,detected,al-khaser,False,2026-06-10T16:04:59.634002+00:00,win10_vbox_default,85.3439
checking_win32_voltageprobe_with_wmi,Checking Win32_VoltageProbe with WMI,vm_checks,VM Detection Checks,BAD,detected,al-khaser,False,2026-06-10T16:04:59.634002+00:00,win10_vbox_default,85.3439
checking_win32_portconnector_with_wmi,Checking Win32_PortConnector with WMI,vm_checks,VM Detection Checks,BAD,detected,al-khaser,False,2026-06-10T16:04:59.634002+00:00,win10_vbox_default,85.3439
checking_win32_smbiosmemory_with_wmi,Checking Win32_SMBIOSMemory with WMI,vm_checks,VM Detection Checks,BAD,detected,al-khaser,False,2026-06-10T16:04:59.634002+00:00,win10_vbox_default,85.3439
checking_thermalzoneinfo_performance_counters_with_wmi,Checking ThermalZoneInfo performance counters with WMI,vm_checks,VM Detection Checks,BAD,detected,al-khaser,False,2026-06-10T16:04:59.634002+00:00,win10_vbox_default,85.3439
checking_cim_memory_with_wmi,Checking CIM_Memory with WMI,vm_checks,VM Detection Checks,BAD,detected,al-khaser,False,2026-06-10T16:04:59.634002+00:00,win10_vbox_default,85.3439
checking_cim_sensor_with_wmi,Checking CIM_Sensor with WMI,vm_checks,VM Detection Checks,BAD,detected,al-khaser,False,2026-06-10T16:04:59.634002+00:00,win10_vbox_default,85.3439
checking_cim_numericsensor_with_wmi,Checking CIM_NumericSensor with WMI,vm_checks,VM Detection Checks,BAD,detected,al-khaser,False,2026-06-10T16:04:59.634002+00:00,win10_vbox_default,85.3439
checking_cim_temperaturesensor_with_wmi,Checking CIM_TemperatureSensor with WMI,vm_checks,VM Detection Checks,BAD,detected,al-khaser,False,2026-06-10T16:04:59.634002+00:00,win10_vbox_default,85.3439
checking_cim_voltagesensor_with_wmi,Checking CIM_VoltageSensor with WMI,vm_checks,VM Detection Checks,BAD,detected,al-khaser,False,2026-06-10T16:04:59.634002+00:00,win10_vbox_default,85.3439
checking_cim_physicalconnector_with_wmi,Checking CIM_PhysicalConnector with WMI,vm_checks,VM Detection Checks,BAD,detected,al-khaser,False,2026-06-10T16:04:59.634002+00:00,win10_vbox_default,85.3439
checking_cim_slot_with_wmi,Checking CIM_Slot with WMI,vm_checks,VM Detection Checks,BAD,detected,al-khaser,False,2026-06-10T16:04:59.634002+00:00,win10_vbox_default,85.3439
checking_if_windows_is_genuine,Checking if Windows is Genuine,vm_checks,VM Detection Checks,GOOD,not_detected,al-khaser,False,2026-06-10T16:04:59.634002+00:00,win10_vbox_default,85.3439
checking_services_disk_enum_entries_for_vm_strings,Checking Services\Disk\Enum entries for VM strings,vm_checks,VM Detection Checks,BAD,detected,al-khaser,False,2026-06-10T16:04:59.634002+00:00,win10_vbox_default,85.3439
checking_enum_ide_and_enum_scsi_entries_for_vm_strings,Checking Enum\IDE and Enum\SCSI entries for VM strings,vm_checks,VM Detection Checks,BAD,detected,al-khaser,False,2026-06-10T16:04:59.634002+00:00,win10_vbox_default,85.3439
checking_smbios_tables,Checking SMBIOS tables,vm_checks,VM Detection Checks,BAD,detected,al-khaser,False,2026-06-10T16:04:59.634002+00:00,win10_vbox_default,85.3439
checking_acpi_table_strings,Checking ACPI table strings,vm_checks,VM Detection Checks,BAD,detected,al-khaser,False,2026-06-10T16:04:59.634002+00:00,win10_vbox_default,85.3439
checking_reg_key_hardware_description_system_identifier_is_set_to_vbox,Checking reg key HARDWARE\Description\System - Identifier is set to VBOX,vm_checks,VM Detection Checks,BAD,detected,al-khaser,False,2026-06-10T16:04:59.634002+00:00,win10_vbox_default,85.3439
checking_reg_key_hardware_description_system_systembiosversion_is_set_to_vbox,Checking reg key HARDWARE\Description\System - SystemBiosVersion is set to VBOX,vm_checks,VM Detection Checks,BAD,detected,al-khaser,False,2026-06-10T16:04:59.634002+00:00,win10_vbox_default,85.3439
checking_reg_key_hardware_description_system_videobiosversion_is_set_to_virtualbox,Checking reg key HARDWARE\Description\System - VideoBiosVersion is set to VIRTUALBOX,vm_checks,VM Detection Checks,GOOD,not_detected,al-khaser,False,2026-06-10T16:04:59.634002+00:00,win10_vbox_default,85.3439
checking_reg_key_hardware_description_system_systembiosdate_is_set_to_06_23_99,Checking reg key HARDWARE\Description\System - SystemBiosDate is set to 06/23/99,vm_checks,VM Detection Checks,BAD,detected,al-khaser,False,2026-06-10T16:04:59.634002+00:00,win10_vbox_default,85.3439
checking_virtualbox_guest_additions_directory,Checking VirtualBox Guest Additions directory,vm_checks,VM Detection Checks,GOOD,not_detected,al-khaser,False,2026-06-10T16:04:59.634002+00:00,win10_vbox_default,85.3439
checking_file_c_windows_system32_drivers_vboxmouse_sys,Checking file C:\Windows\System32\drivers\VBoxMouse.sys,vm_checks,VM Detection Checks,GOOD,not_detected,al-khaser,False,2026-06-10T16:04:59.634002+00:00,win10_vbox_default,85.3439
checking_file_c_windows_system32_drivers_vboxguest_sys,Checking file C:\Windows\System32\drivers\VBoxGuest.sys,vm_checks,VM Detection Checks,GOOD,not_detected,al-khaser,False,2026-06-10T16:04:59.634002+00:00,win10_vbox_default,85.3439
checking_file_c_windows_system32_drivers_vboxsf_sys,Checking file C:\Windows\System32\drivers\VBoxSF.sys,vm_checks,VM Detection Checks,GOOD,not_detected,al-khaser,False,2026-06-10T16:04:59.634002+00:00,win10_vbox_default,85.3439
checking_file_c_windows_system32_drivers_vboxvideo_sys,Checking file C:\Windows\System32\drivers\VBoxVideo.sys,vm_checks,VM Detection Checks,GOOD,not_detected,al-khaser,False,2026-06-10T16:04:59.634002+00:00,win10_vbox_default,85.3439
checking_file_c_windows_system32_vboxdisp_dll,Checking file C:\Windows\System32\vboxdisp.dll,vm_checks,VM Detection Checks,GOOD,not_detected,al-khaser,False,2026-06-10T16:04:59.634002+00:00,win10_vbox_default,85.3439
checking_file_c_windows_system32_vboxhook_dll,Checking file C:\Windows\System32\vboxhook.dll,vm_checks,VM Detection Checks,GOOD,not_detected,al-khaser,False,2026-06-10T16:04:59.634002+00:00,win10_vbox_default,85.3439
checking_file_c_windows_system32_vboxmrxnp_dll,Checking file C:\Windows\System32\vboxmrxnp.dll,vm_checks,VM Detection Checks,GOOD,not_detected,al-khaser,False,2026-06-10T16:04:59.634002+00:00,win10_vbox_default,85.3439
checking_file_c_windows_system32_vboxogl_dll,Checking file C:\Windows\System32\vboxogl.dll,vm_checks,VM Detection Checks,GOOD,not_detected,al-khaser,False,2026-06-10T16:04:59.634002+00:00,win10_vbox_default,85.3439
checking_file_c_windows_system32_vboxoglarrayspu_dll,Checking file C:\Windows\System32\vboxoglarrayspu.dll,vm_checks,VM Detection Checks,GOOD,not_detected,al-khaser,False,2026-06-10T16:04:59.634002+00:00,win10_vbox_default,85.3439
checking_file_c_windows_system32_vboxoglcrutil_dll,Checking file C:\Windows\System32\vboxoglcrutil.dll,vm_checks,VM Detection Checks,GOOD,not_detected,al-khaser,False,2026-06-10T16:04:59.634002+00:00,win10_vbox_default,85.3439
checking_file_c_windows_system32_vboxoglerrorspu_dll,Checking file C:\Windows\System32\vboxoglerrorspu.dll,vm_checks,VM Detection Checks,GOOD,not_detected,al-khaser,False,2026-06-10T16:04:59.634002+00:00,win10_vbox_default,85.3439
checking_file_c_windows_system32_vboxoglfeedbackspu_dll,Checking file C:\Windows\System32\vboxoglfeedbackspu.dll,vm_checks,VM Detection Checks,GOOD,not_detected,al-khaser,False,2026-06-10T16:04:59.634002+00:00,win10_vbox_default,85.3439
checking_file_c_windows_system32_vboxoglpackspu_dll,Checking file C:\Windows\System32\vboxoglpackspu.dll,vm_checks,VM Detection Checks,GOOD,not_detected,al-khaser,False,2026-06-10T16:04:59.634002+00:00,win10_vbox_default,85.3439
checking_file_c_windows_system32_vboxoglpassthroughspu_dll,Checking file C:\Windows\System32\vboxoglpassthroughspu.dll,vm_checks,VM Detection Checks,GOOD,not_detected,al-khaser,False,2026-06-10T16:04:59.634002+00:00,win10_vbox_default,85.3439
checking_file_c_windows_system32_vboxservice_exe,Checking file C:\Windows\System32\vboxservice.exe,vm_checks,VM Detection Checks,GOOD,not_detected,al-khaser,False,2026-06-10T16:04:59.634002+00:00,win10_vbox_default,85.3439
checking_file_c_windows_system32_vboxtray_exe,Checking file C:\Windows\System32\vboxtray.exe,vm_checks,VM Detection Checks,GOOD,not_detected,al-khaser,False,2026-06-10T16:04:59.634002+00:00,win10_vbox_default,85.3439
checking_file_c_windows_system32_vboxcontrol_exe,Checking file C:\Windows\System32\VBoxControl.exe,vm_checks,VM Detection Checks,GOOD,not_detected,al-khaser,False,2026-06-10T16:04:59.634002+00:00,win10_vbox_default,85.3439
checking_reg_key_hardware_acpi_dsdt_vbox,Checking reg key HARDWARE\ACPI\DSDT\VBOX__,vm_checks,VM Detection Checks,BAD,detected,al-khaser,False,2026-06-10T16:04:59.634002+00:00,win10_vbox_default,85.3439
checking_reg_key_hardware_acpi_fadt_vbox,Checking reg key HARDWARE\ACPI\FADT\VBOX__,vm_checks,VM Detection Checks,BAD,detected,al-khaser,False,2026-06-10T16:04:59.634002+00:00,win10_vbox_default,85.3439
checking_reg_key_hardware_acpi_rsdt_vbox,Checking reg key HARDWARE\ACPI\RSDT\VBOX__,vm_checks,VM Detection Checks,BAD,detected,al-khaser,False,2026-06-10T16:04:59.634002+00:00,win10_vbox_default,85.3439
checking_reg_key_software_oracle_virtualbox_guest_additions,Checking reg key SOFTWARE\Oracle\VirtualBox Guest Additions,vm_checks,VM Detection Checks,GOOD,not_detected,al-khaser,False,2026-06-10T16:04:59.634002+00:00,win10_vbox_default,85.3439
checking_reg_key_system_controlset001_services_vboxguest,Checking reg key SYSTEM\ControlSet001\Services\VBoxGuest,vm_checks,VM Detection Checks,GOOD,not_detected,al-khaser,False,2026-06-10T16:04:59.634002+00:00,win10_vbox_default,85.3439
checking_reg_key_system_controlset001_services_vboxmouse,Checking reg key SYSTEM\ControlSet001\Services\VBoxMouse,vm_checks,VM Detection Checks,GOOD,not_detected,al-khaser,False,2026-06-10T16:04:59.634002+00:00,win10_vbox_default,85.3439
checking_reg_key_system_controlset001_services_vboxservice,Checking reg key SYSTEM\ControlSet001\Services\VBoxService,vm_checks,VM Detection Checks,GOOD,not_detected,al-khaser,False,2026-06-10T16:04:59.634002+00:00,win10_vbox_default,85.3439
checking_reg_key_system_controlset001_services_vboxsf,Checking reg key SYSTEM\ControlSet001\Services\VBoxSF,vm_checks,VM Detection Checks,GOOD,not_detected,al-khaser,False,2026-06-10T16:04:59.634002+00:00,win10_vbox_default,85.3439
checking_reg_key_system_controlset001_services_vboxvideo,Checking reg key SYSTEM\ControlSet001\Services\VBoxVideo,vm_checks,VM Detection Checks,GOOD,not_detected,al-khaser,False,2026-06-10T16:04:59.634002+00:00,win10_vbox_default,85.3439
checking_reg_key_system_currentcontrolset_enum_pci_ven_5333,Checking reg key SYSTEM\CurrentControlSet\Enum\PCI\VEN_5333*,vm_checks,VM Detection Checks,GOOD,not_detected,al-khaser,True,2026-06-10T16:04:59.634002+00:00,win10_vbox_default,85.3439
checking_mac_address_start_with_08_00_27,Checking Mac Address start with 08:00:27,vm_checks,VM Detection Checks,BAD,detected,al-khaser,False,2026-06-10T16:04:59.634002+00:00,win10_vbox_default,85.3439
checking_mac_address_hybrid_analysis,Checking MAC address (Hybrid Analysis),vm_checks,VM Detection Checks,GOOD,not_detected,al-khaser,False,2026-06-10T16:04:59.634002+00:00,win10_vbox_default,85.3439
checking_device_vboxminirdrdn,Checking device \\.\VBoxMiniRdrDN,vm_checks,VM Detection Checks,GOOD,not_detected,al-khaser,False,2026-06-10T16:04:59.634002+00:00,win10_vbox_default,85.3439
checking_device_vboxguest,Checking device \\.\VBoxGuest,vm_checks,VM Detection Checks,GOOD,not_detected,al-khaser,False,2026-06-10T16:04:59.634002+00:00,win10_vbox_default,85.3439
checking_device_pipe_vboxminirddn,Checking device \\.\pipe\VBoxMiniRdDN,vm_checks,VM Detection Checks,GOOD,not_detected,al-khaser,False,2026-06-10T16:04:59.634002+00:00,win10_vbox_default,85.3439
checking_device_vboxtrayipc,Checking device \\.\VBoxTrayIPC,vm_checks,VM Detection Checks,GOOD,not_detected,al-khaser,False,2026-06-10T16:04:59.634002+00:00,win10_vbox_default,85.3439
checking_device_pipe_vboxtrayipc,Checking device \\.\pipe\VBoxTrayIPC,vm_checks,VM Detection Checks,GOOD,not_detected,al-khaser,False,2026-06-10T16:04:59.634002+00:00,win10_vbox_default,85.3439
checking_vboxtraytoolwndclass_vboxtraytoolwnd,Checking VBoxTrayToolWndClass / VBoxTrayToolWnd,vm_checks,VM Detection Checks,GOOD,not_detected,al-khaser,False,2026-06-10T16:04:59.634002+00:00,win10_vbox_default,85.3439
checking_virtualbox_shared_folders_network_provider,Checking VirtualBox Shared Folders network provider,vm_checks,VM Detection Checks,GOOD,not_detected,al-khaser,False,2026-06-10T16:04:59.634002+00:00,win10_vbox_default,85.3439
checking_virtualbox_process_vboxservice_exe,Checking VirtualBox process vboxservice.exe,vm_checks,VM Detection Checks,GOOD,not_detected,al-khaser,False,2026-06-10T16:04:59.634002+00:00,win10_vbox_default,85.3439
checking_virtualbox_process_vboxtray_exe,Checking VirtualBox process vboxtray.exe,vm_checks,VM Detection Checks,GOOD,not_detected,al-khaser,False,2026-06-10T16:04:59.634002+00:00,win10_vbox_default,85.3439
checking_win32_pnpdevice_deviceid_from_wmi_for_vbox_pci_device,Checking Win32_PnPDevice DeviceId from WMI for VBox PCI device,vm_checks,VM Detection Checks,BAD,detected,al-khaser,False,2026-06-10T16:04:59.634002+00:00,win10_vbox_default,85.3439
checking_win32_pnpdevice_name_from_wmi_for_vbox_controller_hardware,Checking Win32_PnPDevice Name from WMI for VBox controller hardware,vm_checks,VM Detection Checks,GOOD,not_detected,al-khaser,False,2026-06-10T16:04:59.634002+00:00,win10_vbox_default,85.3439
checking_win32_pnpdevice_name_from_wmi_for_vbox_names,Checking Win32_PnPDevice Name from WMI for VBOX names,vm_checks,VM Detection Checks,BAD,detected,al-khaser,False,2026-06-10T16:04:59.634002+00:00,win10_vbox_default,85.3439
checking_win32_bus_from_wmi,Checking Win32_Bus from WMI,vm_checks,VM Detection Checks,GOOD,not_detected,al-khaser,False,2026-06-10T16:04:59.634002+00:00,win10_vbox_default,85.3439
checking_win32_baseboard_from_wmi,Checking Win32_BaseBoard from WMI,vm_checks,VM Detection Checks,BAD,detected,al-khaser,False,2026-06-10T16:04:59.634002+00:00,win10_vbox_default,85.3439
checking_mac_address_from_wmi,Checking MAC address from WMI,vm_checks,VM Detection Checks,BAD,detected,al-khaser,False,2026-06-10T16:04:59.634002+00:00,win10_vbox_default,85.3439
checking_nteventlog_from_wmi,Checking NTEventLog from WMI,vm_checks,VM Detection Checks,GOOD,not_detected,al-khaser,False,2026-06-10T16:04:59.634002+00:00,win10_vbox_default,85.3439
checking_smbios_firmware,Checking SMBIOS firmware,vm_checks,VM Detection Checks,BAD,detected,al-khaser,True,2026-06-10T16:04:59.634002+00:00,win10_vbox_default,85.3439
checking_acpi_tables,Checking ACPI tables,vm_checks,VM Detection Checks,BAD,detected,al-khaser,True,2026-06-10T16:04:59.634002+00:00,win10_vbox_default,85.3439
checking_reg_key_hardware_devicemap_scsi_scsi_port_0_scsi_bus_0_target_id_0_logical_unit_id_0,Checking reg key HARDWARE\DEVICEMAP\Scsi\Scsi Port 0\Scsi Bus 0\Target Id 0\Logical Unit Id 0,vm_checks,VM Detection Checks,GOOD,not_detected,al-khaser,True,2026-06-10T16:04:59.634002+00:00,win10_vbox_default,85.3439
checking_reg_key_hardware_devicemap_scsi_scsi_port_1_scsi_bus_0_target_id_0_logical_unit_id_0,Checking reg key HARDWARE\DEVICEMAP\Scsi\Scsi Port 1\Scsi Bus 0\Target Id 0\Logical Unit Id 0,vm_checks,VM Detection Checks,GOOD,not_detected,al-khaser,False,2026-06-10T16:04:59.634002+00:00,win10_vbox_default,85.3439
checking_reg_key_hardware_devicemap_scsi_scsi_port_2_scsi_bus_0_target_id_0_logical_unit_id_0,Checking reg key HARDWARE\DEVICEMAP\Scsi\Scsi Port 2\Scsi Bus 0\Target Id 0\Logical Unit Id 0,vm_checks,VM Detection Checks,GOOD,not_detected,al-khaser,False,2026-06-10T16:04:59.634002+00:00,win10_vbox_default,85.3439
checking_reg_key_system_controlset001_control_systeminformation,Checking reg key SYSTEM\ControlSet001\Control\SystemInformation,vm_checks,VM Detection Checks,GOOD,not_detected,al-khaser,True,2026-06-10T16:04:59.634002+00:00,win10_vbox_default,85.3439
checking_reg_key_software_vmware_inc_vmware_tools,"Checking reg key SOFTWARE\VMware, Inc.\VMware Tools",vm_checks,VM Detection Checks,GOOD,not_detected,al-khaser,False,2026-06-10T16:04:59.634002+00:00,win10_vbox_default,85.3439
checking_reg_key_system_currentcontrolset_enum_pci_ven_15ad,Checking reg key SYSTEM\CurrentControlSet\Enum\PCI\VEN_15AD*,vm_checks,VM Detection Checks,GOOD,not_detected,al-khaser,False,2026-06-10T16:04:59.634002+00:00,win10_vbox_default,85.3439
checking_file_c_windows_system32_drivers_vmnet_sys,Checking file C:\Windows\System32\drivers\vmnet.sys,vm_checks,VM Detection Checks,GOOD,not_detected,al-khaser,False,2026-06-10T16:04:59.634002+00:00,win10_vbox_default,85.3439
checking_file_c_windows_system32_drivers_vmmouse_sys,Checking file C:\Windows\System32\drivers\vmmouse.sys,vm_checks,VM Detection Checks,GOOD,not_detected,al-khaser,False,2026-06-10T16:04:59.634002+00:00,win10_vbox_default,85.3439
checking_file_c_windows_system32_drivers_vmusb_sys,Checking file C:\Windows\System32\drivers\vmusb.sys,vm_checks,VM Detection Checks,GOOD,not_detected,al-khaser,False,2026-06-10T16:04:59.634002+00:00,win10_vbox_default,85.3439
checking_file_c_windows_system32_drivers_vm3dmp_sys,Checking file C:\Windows\System32\drivers\vm3dmp.sys,vm_checks,VM Detection Checks,GOOD,not_detected,al-khaser,False,2026-06-10T16:04:59.634002+00:00,win10_vbox_default,85.3439
checking_file_c_windows_system32_drivers_vmci_sys,Checking file C:\Windows\System32\drivers\vmci.sys,vm_checks,VM Detection Checks,GOOD,not_detected,al-khaser,False,2026-06-10T16:04:59.634002+00:00,win10_vbox_default,85.3439
checking_file_c_windows_system32_drivers_vmhgfs_sys,Checking file C:\Windows\System32\drivers\vmhgfs.sys,vm_checks,VM Detection Checks,GOOD,not_detected,al-khaser,False,2026-06-10T16:04:59.634002+00:00,win10_vbox_default,85.3439
checking_file_c_windows_system32_drivers_vmmemctl_sys,Checking file C:\Windows\System32\drivers\vmmemctl.sys,vm_checks,VM Detection Checks,GOOD,not_detected,al-khaser,False,2026-06-10T16:04:59.634002+00:00,win10_vbox_default,85.3439
checking_file_c_windows_system32_drivers_vmx86_sys,Checking file C:\Windows\System32\drivers\vmx86.sys,vm_checks,VM Detection Checks,GOOD,not_detected,al-khaser,False,2026-06-10T16:04:59.634002+00:00,win10_vbox_default,85.3439
checking_file_c_windows_system32_drivers_vmrawdsk_sys,Checking file C:\Windows\System32\drivers\vmrawdsk.sys,vm_checks,VM Detection Checks,GOOD,not_detected,al-khaser,False,2026-06-10T16:04:59.634002+00:00,win10_vbox_default,85.3439
checking_file_c_windows_system32_drivers_vmusbmouse_sys,Checking file C:\Windows\System32\drivers\vmusbmouse.sys,vm_checks,VM Detection Checks,GOOD,not_detected,al-khaser,False,2026-06-10T16:04:59.634002+00:00,win10_vbox_default,85.3439
checking_file_c_windows_system32_drivers_vmkdb_sys,Checking file C:\Windows\System32\drivers\vmkdb.sys,vm_checks,VM Detection Checks,GOOD,not_detected,al-khaser,False,2026-06-10T16:04:59.634002+00:00,win10_vbox_default,85.3439
checking_file_c_windows_system32_drivers_vmnetuserif_sys,Checking file C:\Windows\System32\drivers\vmnetuserif.sys,vm_checks,VM Detection Checks,GOOD,not_detected,al-khaser,False,2026-06-10T16:04:59.634002+00:00,win10_vbox_default,85.3439
checking_file_c_windows_system32_drivers_vmnetadapter_sys,Checking file C:\Windows\System32\drivers\vmnetadapter.sys,vm_checks,VM Detection Checks,GOOD,not_detected,al-khaser,False,2026-06-10T16:04:59.634002+00:00,win10_vbox_default,85.3439
checking_mac_starting_with_00_05_69,Checking MAC starting with 00:05:69,vm_checks,VM Detection Checks,GOOD,not_detected,al-khaser,False,2026-06-10T16:04:59.634002+00:00,win10_vbox_default,85.3439
checking_mac_starting_with_00_0c_29,Checking MAC starting with 00:0c:29,vm_checks,VM Detection Checks,GOOD,not_detected,al-khaser,False,2026-06-10T16:04:59.634002+00:00,win10_vbox_default,85.3439
checking_mac_starting_with_00_1c_14,Checking MAC starting with 00:1C:14,vm_checks,VM Detection Checks,GOOD,not_detected,al-khaser,False,2026-06-10T16:04:59.634002+00:00,win10_vbox_default,85.3439
checking_mac_starting_with_00_50_56,Checking MAC starting with 00:50:56,vm_checks,VM Detection Checks,GOOD,not_detected,al-khaser,False,2026-06-10T16:04:59.634002+00:00,win10_vbox_default,85.3439
checking_vmware_network_adapter_name,Checking VMWare network adapter name,vm_checks,VM Detection Checks,GOOD,not_detected,al-khaser,False,2026-06-10T16:04:59.634002+00:00,win10_vbox_default,85.3439
checking_device_hgfs,Checking device \\.\HGFS,vm_checks,VM Detection Checks,GOOD,not_detected,al-khaser,False,2026-06-10T16:04:59.634002+00:00,win10_vbox_default,85.3439
checking_device_vmci,Checking device \\.\vmci,vm_checks,VM Detection Checks,GOOD,not_detected,al-khaser,False,2026-06-10T16:04:59.634002+00:00,win10_vbox_default,85.3439
checking_vmware_directory,Checking VMWare directory,vm_checks,VM Detection Checks,GOOD,not_detected,al-khaser,False,2026-06-10T16:04:59.634002+00:00,win10_vbox_default,85.3439
checking_virtual_pc_processes_vmsrvc_exe,Checking Virtual PC processes VMSrvc.exe,vm_checks,VM Detection Checks,GOOD,not_detected,al-khaser,False,2026-06-10T16:04:59.634002+00:00,win10_vbox_default,85.3439
checking_virtual_pc_processes_vmusrvc_exe,Checking Virtual PC processes VMUSrvc.exe,vm_checks,VM Detection Checks,GOOD,not_detected,al-khaser,False,2026-06-10T16:04:59.634002+00:00,win10_vbox_default,85.3439
checking_reg_key_software_microsoft_virtual_machine_guest_parameters,Checking reg key SOFTWARE\Microsoft\Virtual Machine\Guest\Parameters,vm_checks,VM Detection Checks,GOOD,not_detected,al-khaser,False,2026-06-10T16:04:59.634002+00:00,win10_vbox_default,85.3439
checking_reg_key_hardware_description_system,Checking reg key HARDWARE\Description\System,vm_checks,VM Detection Checks,GOOD,not_detected,al-khaser,False,2026-06-10T16:04:59.634002+00:00,win10_vbox_default,85.3439
checking_reg_key_system_currentcontrolset_enum_pci_ven_1b36,Checking reg key SYSTEM\CurrentControlSet\Enum\PCI\VEN_1B36*,vm_checks,VM Detection Checks,GOOD,not_detected,al-khaser,False,2026-06-10T16:04:59.634002+00:00,win10_vbox_default,85.3439
checking_qemu_processes_qemu_ga_exe,Checking qemu processes qemu-ga.exe,vm_checks,VM Detection Checks,GOOD,not_detected,al-khaser,False,2026-06-10T16:04:59.634002+00:00,win10_vbox_default,85.3439
checking_qemu_processes_vdagent_exe,Checking qemu processes vdagent.exe,vm_checks,VM Detection Checks,GOOD,not_detected,al-khaser,False,2026-06-10T16:04:59.634002+00:00,win10_vbox_default,85.3439
checking_qemu_processes_vdservice_exe,Checking qemu processes vdservice.exe,vm_checks,VM Detection Checks,GOOD,not_detected,al-khaser,False,2026-06-10T16:04:59.634002+00:00,win10_vbox_default,85.3439
checking_qemu_directory_c_program_files_qemu_ga,Checking QEMU directory C:\Program Files\qemu-ga,vm_checks,VM Detection Checks,GOOD,not_detected,al-khaser,False,2026-06-10T16:04:59.634002+00:00,win10_vbox_default,85.3439
checking_qemu_directory_c_program_files_spice_guest_tools,Checking QEMU directory C:\Program Files\SPICE Guest Tools,vm_checks,VM Detection Checks,GOOD,not_detected,al-khaser,False,2026-06-10T16:04:59.634002+00:00,win10_vbox_default,85.3439
checking_reg_key_system_currentcontrolset_enum_pci_ven_5853,Checking reg key SYSTEM\CurrentControlSet\Enum\PCI\VEN_5853*,vm_checks,VM Detection Checks,GOOD,not_detected,al-khaser,False,2026-06-10T16:04:59.634002+00:00,win10_vbox_default,85.3439
checking_citrix_xen_process_xenservice_exe,Checking Citrix Xen process xenservice.exe,vm_checks,VM Detection Checks,GOOD,not_detected,al-khaser,False,2026-06-10T16:04:59.634002+00:00,win10_vbox_default,85.3439
checking_mac_address_start_with_08_16_3e,Checking Mac Address start with 08:16:3E,vm_checks,VM Detection Checks,GOOD,not_detected,al-khaser,False,2026-06-10T16:04:59.634002+00:00,win10_vbox_default,85.3439
checking_file_c_windows_system32_drivers_balloon_sys,Checking file C:\Windows\System32\drivers\balloon.sys,vm_checks,VM Detection Checks,GOOD,not_detected,al-khaser,False,2026-06-10T16:04:59.634002+00:00,win10_vbox_default,85.3439
checking_file_c_windows_system32_drivers_netkvm_sys,Checking file C:\Windows\System32\drivers\netkvm.sys,vm_checks,VM Detection Checks,GOOD,not_detected,al-khaser,False,2026-06-10T16:04:59.634002+00:00,win10_vbox_default,85.3439
checking_file_c_windows_system32_drivers_pvpanic_sys,Checking file C:\Windows\System32\drivers\pvpanic.sys,vm_checks,VM Detection Checks,GOOD,not_detected,al-khaser,False,2026-06-10T16:04:59.634002+00:00,win10_vbox_default,85.3439
checking_file_c_windows_system32_drivers_viofs_sys,Checking file C:\Windows\System32\drivers\viofs.sys,vm_checks,VM Detection Checks,GOOD,not_detected,al-khaser,False,2026-06-10T16:04:59.634002+00:00,win10_vbox_default,85.3439
checking_file_c_windows_system32_drivers_viogpudo_sys,Checking file C:\Windows\System32\drivers\viogpudo.sys,vm_checks,VM Detection Checks,GOOD,not_detected,al-khaser,False,2026-06-10T16:04:59.634002+00:00,win10_vbox_default,85.3439
checking_file_c_windows_system32_drivers_vioinput_sys,Checking file C:\Windows\System32\drivers\vioinput.sys,vm_checks,VM Detection Checks,GOOD,not_detected,al-khaser,False,2026-06-10T16:04:59.634002+00:00,win10_vbox_default,85.3439
checking_file_c_windows_system32_drivers_viorng_sys,Checking file C:\Windows\System32\drivers\viorng.sys,vm_checks,VM Detection Checks,GOOD,not_detected,al-khaser,False,2026-06-10T16:04:59.634002+00:00,win10_vbox_default,85.3439
checking_file_c_windows_system32_drivers_vioscsi_sys,Checking file C:\Windows\System32\drivers\vioscsi.sys,vm_checks,VM Detection Checks,GOOD,not_detected,al-khaser,False,2026-06-10T16:04:59.634002+00:00,win10_vbox_default,85.3439
checking_file_c_windows_system32_drivers_vioser_sys,Checking file C:\Windows\System32\drivers\vioser.sys,vm_checks,VM Detection Checks,GOOD,not_detected,al-khaser,False,2026-06-10T16:04:59.634002+00:00,win10_vbox_default,85.3439
checking_file_c_windows_system32_drivers_viostor_sys,Checking file C:\Windows\System32\drivers\viostor.sys,vm_checks,VM Detection Checks,GOOD,not_detected,al-khaser,False,2026-06-10T16:04:59.634002+00:00,win10_vbox_default,85.3439
checking_reg_key_system_controlset001_services_vioscsi,Checking reg key SYSTEM\ControlSet001\Services\vioscsi,vm_checks,VM Detection Checks,GOOD,not_detected,al-khaser,False,2026-06-10T16:04:59.634002+00:00,win10_vbox_default,85.3439
checking_reg_key_system_controlset001_services_viostor,Checking reg key SYSTEM\ControlSet001\Services\viostor,vm_checks,VM Detection Checks,GOOD,not_detected,al-khaser,False,2026-06-10T16:04:59.634002+00:00,win10_vbox_default,85.3439
checking_reg_key_system_controlset001_services_virtio_fs_service,Checking reg key SYSTEM\ControlSet001\Services\VirtIO-FS Service,vm_checks,VM Detection Checks,GOOD,not_detected,al-khaser,False,2026-06-10T16:04:59.634002+00:00,win10_vbox_default,85.3439
checking_reg_key_system_controlset001_services_virtioserial,Checking reg key SYSTEM\ControlSet001\Services\VirtioSerial,vm_checks,VM Detection Checks,GOOD,not_detected,al-khaser,False,2026-06-10T16:04:59.634002+00:00,win10_vbox_default,85.3439
checking_reg_key_system_controlset001_services_balloon,Checking reg key SYSTEM\ControlSet001\Services\BALLOON,vm_checks,VM Detection Checks,GOOD,not_detected,al-khaser,False,2026-06-10T16:04:59.634002+00:00,win10_vbox_default,85.3439
checking_reg_key_system_controlset001_services_balloonservice,Checking reg key SYSTEM\ControlSet001\Services\BalloonService,vm_checks,VM Detection Checks,GOOD,not_detected,al-khaser,False,2026-06-10T16:04:59.634002+00:00,win10_vbox_default,85.3439
checking_reg_key_system_controlset001_services_netkvm,Checking reg key SYSTEM\ControlSet001\Services\netkvm,vm_checks,VM Detection Checks,GOOD,not_detected,al-khaser,False,2026-06-10T16:04:59.634002+00:00,win10_vbox_default,85.3439
checking_reg_key_system_currentcontrolset_enum_pci_ven_1af4,Checking reg key SYSTEM\CurrentControlSet\Enum\PCI\VEN_1AF4*,vm_checks,VM Detection Checks,GOOD,not_detected,al-khaser,False,2026-06-10T16:04:59.634002+00:00,win10_vbox_default,85.3439
checking_kvm_virio_directory,Checking KVM virio directory,vm_checks,VM Detection Checks,GOOD,not_detected,al-khaser,False,2026-06-10T16:04:59.634002+00:00,win10_vbox_default,85.3439
checking_wine_via_dll_exports,Checking Wine via dll exports,vm_checks,VM Detection Checks,GOOD,not_detected,al-khaser,False,2026-06-10T16:04:59.634002+00:00,win10_vbox_default,85.3439
checking_reg_key_software_wine,Checking reg key SOFTWARE\Wine,vm_checks,VM Detection Checks,GOOD,not_detected,al-khaser,False,2026-06-10T16:04:59.634002+00:00,win10_vbox_default,85.3439
checking_reg_key_system_currentcontrolset_enum_pci_ven_1ab8,Checking reg key SYSTEM\CurrentControlSet\Enum\PCI\VEN_1AB8*,vm_checks,VM Detection Checks,GOOD,not_detected,al-khaser,False,2026-06-10T16:04:59.634002+00:00,win10_vbox_default,85.3439
checking_parallels_processes_prl_cc_exe,Checking Parallels processes: prl_cc.exe,vm_checks,VM Detection Checks,GOOD,not_detected,al-khaser,False,2026-06-10T16:04:59.634002+00:00,win10_vbox_default,85.3439
checking_parallels_processes_prl_tools_exe,Checking Parallels processes: prl_tools.exe,vm_checks,VM Detection Checks,GOOD,not_detected,al-khaser,False,2026-06-10T16:04:59.634002+00:00,win10_vbox_default,85.3439
checking_mac_address_start_with_00_1c_42,Checking Mac Address start with 00:1C:42,vm_checks,VM Detection Checks,GOOD,not_detected,al-khaser,False,2026-06-10T16:04:59.634002+00:00,win10_vbox_default,85.3439
checking_for_hyper_v_driver_objects,Checking for Hyper-V driver objects,vm_checks,VM Detection Checks,GOOD,not_detected,al-khaser,False,2026-06-10T16:04:59.634002+00:00,win10_vbox_default,85.3439
checking_for_hyper_v_global_objects,Checking for Hyper-V global objects,vm_checks,VM Detection Checks,BAD,detected,al-khaser,False,2026-06-10T16:04:59.634002+00:00,win10_vbox_default,85.3439
tls_process_attach_callback,TLS process attach callback,anti_debug,Anti-Debug Checks,GOOD,not_detected,al-khaser,False,2026-06-10T16:10:03.188097+00:00,win10_vbox_default,0.8326
tls_thread_attach_callback,TLS thread attach callback,anti_debug,Anti-Debug Checks,GOOD,not_detected,al-khaser,False,2026-06-10T16:10:03.188097+00:00,win10_vbox_default,0.8326
checking_isdebuggerpresent_api,Checking IsDebuggerPresent API,anti_debug,Anti-Debug Checks,GOOD,not_detected,al-khaser,False,2026-06-10T16:10:03.188097+00:00,win10_vbox_default,0.8326
checking_peb_beingdebugged,Checking PEB.BeingDebugged,anti_debug,Anti-Debug Checks,GOOD,not_detected,al-khaser,False,2026-06-10T16:10:03.188097+00:00,win10_vbox_default,0.8326
checking_checkremotedebuggerpresent_api,Checking CheckRemoteDebuggerPresent API,anti_debug,Anti-Debug Checks,GOOD,not_detected,al-khaser,False,2026-06-10T16:10:03.188097+00:00,win10_vbox_default,0.8326
checking_peb_ntglobalflag,Checking PEB.NtGlobalFlag,anti_debug,Anti-Debug Checks,GOOD,not_detected,al-khaser,False,2026-06-10T16:10:03.188097+00:00,win10_vbox_default,0.8326
checking_processheap_flags,Checking ProcessHeap.Flags,anti_debug,Anti-Debug Checks,GOOD,not_detected,al-khaser,False,2026-06-10T16:10:03.188097+00:00,win10_vbox_default,0.8326
checking_processheap_forceflags,Checking ProcessHeap.ForceFlags,anti_debug,Anti-Debug Checks,GOOD,not_detected,al-khaser,False,2026-06-10T16:10:03.188097+00:00,win10_vbox_default,0.8326
checking_low_fragmentation_heap,Checking Low Fragmentation Heap,anti_debug,Anti-Debug Checks,GOOD,not_detected,al-khaser,False,2026-06-10T16:10:03.188097+00:00,win10_vbox_default,0.8326
checking_ntqueryinformationprocess_with_processdebugport,Checking NtQueryInformationProcess with ProcessDebugPort,anti_debug,Anti-Debug Checks,GOOD,not_detected,al-khaser,False,2026-06-10T16:10:03.188097+00:00,win10_vbox_default,0.8326
checking_ntqueryinformationprocess_with_processdebugflags,Checking NtQueryInformationProcess with ProcessDebugFlags,anti_debug,Anti-Debug Checks,GOOD,not_detected,al-khaser,False,2026-06-10T16:10:03.188097+00:00,win10_vbox_default,0.8326
checking_ntqueryinformationprocess_with_processdebugobject,Checking NtQueryInformationProcess with ProcessDebugObject,anti_debug,Anti-Debug Checks,GOOD,not_detected,al-khaser,False,2026-06-10T16:10:03.188097+00:00,win10_vbox_default,0.8326
checking_wudfisanydebuggerpresent_api,Checking WudfIsAnyDebuggerPresent API,anti_debug,Anti-Debug Checks,GOOD,not_detected,al-khaser,False,2026-06-10T16:10:03.188097+00:00,win10_vbox_default,0.8326
checking_wudfiskerneldebuggerpresent_api,Checking WudfIsKernelDebuggerPresent API,anti_debug,Anti-Debug Checks,GOOD,not_detected,al-khaser,False,2026-06-10T16:10:03.188097+00:00,win10_vbox_default,0.8326
checking_wudfisuserdebuggerpresent_api,Checking WudfIsUserDebuggerPresent API,anti_debug,Anti-Debug Checks,GOOD,not_detected,al-khaser,False,2026-06-10T16:10:03.188097+00:00,win10_vbox_default,0.8326
checking_ntsetinformationthread_with_threadhidefromdebugger,Checking NtSetInformationThread with ThreadHideFromDebugger,anti_debug,Anti-Debug Checks,GOOD,not_detected,al-khaser,False,2026-06-10T16:10:03.188097+00:00,win10_vbox_default,0.8326
checking_closehandle_with_an_invalide_handle,Checking CloseHandle with an invalide handle,anti_debug,Anti-Debug Checks,GOOD,not_detected,al-khaser,False,2026-06-10T16:10:03.188097+00:00,win10_vbox_default,0.8326
checking_ntsystemdebugcontrol,Checking NtSystemDebugControl,anti_debug,Anti-Debug Checks,GOOD,not_detected,al-khaser,False,2026-06-10T16:10:03.188097+00:00,win10_vbox_default,0.8326
checking_unhandledexcepfiltertest,Checking UnhandledExcepFilterTest,anti_debug,Anti-Debug Checks,GOOD,not_detected,al-khaser,False,2026-06-10T16:10:03.188097+00:00,win10_vbox_default,0.8326
checking_outputdebugstring,Checking OutputDebugString,anti_debug,Anti-Debug Checks,GOOD,not_detected,al-khaser,False,2026-06-10T16:10:03.188097+00:00,win10_vbox_default,0.8326
checking_hardware_breakpoints,Checking Hardware Breakpoints,anti_debug,Anti-Debug Checks,GOOD,not_detected,al-khaser,False,2026-06-10T16:10:03.188097+00:00,win10_vbox_default,0.8326
checking_software_breakpoints,Checking Software Breakpoints,anti_debug,Anti-Debug Checks,GOOD,not_detected,al-khaser,False,2026-06-10T16:10:03.188097+00:00,win10_vbox_default,0.8326
checking_interupt_0x2d,Checking Interupt 0x2d,anti_debug,Anti-Debug Checks,GOOD,not_detected,al-khaser,False,2026-06-10T16:10:03.188097+00:00,win10_vbox_default,0.8326
checking_interupt_1,Checking Interupt 1,anti_debug,Anti-Debug Checks,GOOD,not_detected,al-khaser,False,2026-06-10T16:10:03.188097+00:00,win10_vbox_default,0.8326
checking_trap_flag,Checking trap flag,anti_debug,Anti-Debug Checks,GOOD,not_detected,al-khaser,False,2026-06-10T16:10:03.188097+00:00,win10_vbox_default,0.8326
checking_memory_breakpoints_page_guard,Checking Memory Breakpoints PAGE GUARD,anti_debug,Anti-Debug Checks,GOOD,not_detected,al-khaser,False,2026-06-10T16:10:03.188097+00:00,win10_vbox_default,0.8326
checking_if_parent_process_is_explorer_exe,Checking If Parent Process is explorer.exe,anti_debug,Anti-Debug Checks,BAD,detected,al-khaser,False,2026-06-10T16:10:03.188097+00:00,win10_vbox_default,0.8326
checking_sedebugprivilege,Checking SeDebugPrivilege,anti_debug,Anti-Debug Checks,GOOD,not_detected,al-khaser,False,2026-06-10T16:10:03.188097+00:00,win10_vbox_default,0.8326
checking_ntqueryobject_with_objecttypeinformation,Checking NtQueryObject with ObjectTypeInformation,anti_debug,Anti-Debug Checks,GOOD,not_detected,al-khaser,False,2026-06-10T16:10:03.188097+00:00,win10_vbox_default,0.8326
checking_ntqueryobject_with_objectalltypesinformation,Checking NtQueryObject with ObjectAllTypesInformation,anti_debug,Anti-Debug Checks,GOOD,not_detected,al-khaser,False,2026-06-10T16:10:03.188097+00:00,win10_vbox_default,0.8326
checking_ntyieldexecution,Checking NtYieldExecution,anti_debug,Anti-Debug Checks,GOOD,not_detected,al-khaser,False,2026-06-10T16:10:03.188097+00:00,win10_vbox_default,0.8326
checking_closehandle_protected_handle_trick,Checking CloseHandle protected handle trick,anti_debug,Anti-Debug Checks,GOOD,not_detected,al-khaser,False,2026-06-10T16:10:03.188097+00:00,win10_vbox_default,0.8326
checking_ntquerysysteminformation_with_systemkerneldebuggerinformation,Checking NtQuerySystemInformation with SystemKernelDebuggerInformation,anti_debug,Anti-Debug Checks,GOOD,not_detected,al-khaser,False,2026-06-10T16:10:03.188097+00:00,win10_vbox_default,0.8326
checking_shareduserdata_kddebuggerenabled,Checking SharedUserData->KdDebuggerEnabled,anti_debug,Anti-Debug Checks,GOOD,not_detected,al-khaser,False,2026-06-10T16:10:03.188097+00:00,win10_vbox_default,0.8326
checking_if_process_is_in_a_job,Checking if process is in a job,anti_debug,Anti-Debug Checks,GOOD,not_detected,al-khaser,False,2026-06-10T16:10:03.188097+00:00,win10_vbox_default,0.8326
checking_virtualalloc_write_watch_buffer_only,Checking VirtualAlloc write watch (buffer only),anti_debug,Anti-Debug Checks,GOOD,not_detected,al-khaser,False,2026-06-10T16:10:03.188097+00:00,win10_vbox_default,0.8326
checking_virtualalloc_write_watch_api_calls,Checking VirtualAlloc write watch (API calls),anti_debug,Anti-Debug Checks,GOOD,not_detected,al-khaser,False,2026-06-10T16:10:03.188097+00:00,win10_vbox_default,0.8326
checking_virtualalloc_write_watch_isdebuggerpresent,Checking VirtualAlloc write watch (IsDebuggerPresent),anti_debug,Anti-Debug Checks,GOOD,not_detected,al-khaser,False,2026-06-10T16:10:03.188097+00:00,win10_vbox_default,0.8326
checking_virtualalloc_write_watch_code_write,Checking VirtualAlloc write watch (code write),anti_debug,Anti-Debug Checks,GOOD,not_detected,al-khaser,False,2026-06-10T16:10:03.188097+00:00,win10_vbox_default,0.8326
checking_for_page_exception_breakpoints,Checking for page exception breakpoints,anti_debug,Anti-Debug Checks,GOOD,not_detected,al-khaser,False,2026-06-10T16:10:03.188097+00:00,win10_vbox_default,0.8326
checking_for_api_hooks_outside_module_bounds,Checking for API hooks outside module bounds,anti_debug,Anti-Debug Checks,GOOD,not_detected,al-khaser,False,2026-06-10T16:10:03.188097+00:00,win10_vbox_default,0.8326
performing_a_sleep_using_ntdelayexecution,Performing a sleep using NtDelayExecution ...,timing_attacks,Timing Attacks,GOOD,not_detected,al-khaser,False,2026-06-10T16:10:04.029178+00:00,win10_vbox_default,32.7719
performing_a_sleep_in_a_loop,Performing a sleep() in a loop ...,timing_attacks,Timing Attacks,GOOD,not_detected,al-khaser,False,2026-06-10T16:10:04.029178+00:00,win10_vbox_default,32.7719
delaying_execution_using_settimer,Delaying execution using SetTimer ...,timing_attacks,Timing Attacks,GOOD,not_detected,al-khaser,False,2026-06-10T16:10:04.029178+00:00,win10_vbox_default,32.7719
delaying_execution_using_timesetevent,Delaying execution using timeSetEvent ...,timing_attacks,Timing Attacks,GOOD,not_detected,al-khaser,False,2026-06-10T16:10:04.029178+00:00,win10_vbox_default,32.7719
delaying_execution_using_waitforsingleobject,Delaying execution using WaitForSingleObject ...,timing_attacks,Timing Attacks,GOOD,not_detected,al-khaser,False,2026-06-10T16:10:04.029178+00:00,win10_vbox_default,32.7719
delaying_execution_using_waitformultipleobjects,Delaying execution using WaitForMultipleObjects ...,timing_attacks,Timing Attacks,GOOD,not_detected,al-khaser,False,2026-06-10T16:10:04.029178+00:00,win10_vbox_default,32.7719
delaying_execution_using_icmpsendecho,Delaying execution using IcmpSendEcho ...,timing_attacks,Timing Attacks,GOOD,not_detected,al-khaser,False,2026-06-10T16:10:04.029178+00:00,win10_vbox_default,32.7719
delaying_execution_using_createwaitabletimer,Delaying execution using CreateWaitableTimer ...,timing_attacks,Timing Attacks,GOOD,not_detected,al-khaser,False,2026-06-10T16:10:04.029178+00:00,win10_vbox_default,32.7719
delaying_execution_using_createtimerqueuetimer,Delaying execution using CreateTimerQueueTimer ...,timing_attacks,Timing Attacks,GOOD,not_detected,al-khaser,False,2026-06-10T16:10:04.029178+00:00,win10_vbox_default,32.7719
checking_rdtsc_locky_trick,Checking RDTSC Locky trick,timing_attacks,Timing Attacks,GOOD,not_detected,al-khaser,False,2026-06-10T16:10:04.029178+00:00,win10_vbox_default,32.7719
checking_rdtsc_which_force_a_vm_exit_cpuid,Checking RDTSC which force a VM Exit (cpuid),timing_attacks,Timing Attacks,BAD,detected,al-khaser,False,2026-06-10T16:10:04.029178+00:00,win10_vbox_default,32.7719
checking_process_of_malware_analysis_tool_ollydbg_exe,Checking process of malware analysis tool: ollydbg.exe,analysis_tools,Analysis Tool Detection,GOOD,not_detected,al-khaser,False,2026-06-10T16:10:36.816218+00:00,win10_vbox_default,0.7839
checking_process_of_malware_analysis_tool_ollyice_exe,Checking process of malware analysis tool: ollyice.exe,analysis_tools,Analysis Tool Detection,GOOD,not_detected,al-khaser,False,2026-06-10T16:10:36.816218+00:00,win10_vbox_default,0.7839
checking_process_of_malware_analysis_tool_processhacker_exe,Checking process of malware analysis tool: ProcessHacker.exe,analysis_tools,Analysis Tool Detection,GOOD,not_detected,al-khaser,False,2026-06-10T16:10:36.816218+00:00,win10_vbox_default,0.7839
checking_process_of_malware_analysis_tool_tcpview_exe,Checking process of malware analysis tool: tcpview.exe,analysis_tools,Analysis Tool Detection,GOOD,not_detected,al-khaser,False,2026-06-10T16:10:36.816218+00:00,win10_vbox_default,0.7839
checking_process_of_malware_analysis_tool_autoruns_exe,Checking process of malware analysis tool: autoruns.exe,analysis_tools,Analysis Tool Detection,GOOD,not_detected,al-khaser,False,2026-06-10T16:10:36.816218+00:00,win10_vbox_default,0.7839
checking_process_of_malware_analysis_tool_autorunsc_exe,Checking process of malware analysis tool: autorunsc.exe,analysis_tools,Analysis Tool Detection,GOOD,not_detected,al-khaser,False,2026-06-10T16:10:36.816218+00:00,win10_vbox_default,0.7839
checking_process_of_malware_analysis_tool_filemon_exe,Checking process of malware analysis tool: filemon.exe,analysis_tools,Analysis Tool Detection,GOOD,not_detected,al-khaser,False,2026-06-10T16:10:36.816218+00:00,win10_vbox_default,0.7839
checking_process_of_malware_analysis_tool_procmon_exe,Checking process of malware analysis tool: procmon.exe,analysis_tools,Analysis Tool Detection,GOOD,not_detected,al-khaser,False,2026-06-10T16:10:36.816218+00:00,win10_vbox_default,0.7839
checking_process_of_malware_analysis_tool_regmon_exe,Checking process of malware analysis tool: regmon.exe,analysis_tools,Analysis Tool Detection,GOOD,not_detected,al-khaser,False,2026-06-10T16:10:36.816218+00:00,win10_vbox_default,0.7839
checking_process_of_malware_analysis_tool_procexp_exe,Checking process of malware analysis tool: procexp.exe,analysis_tools,Analysis Tool Detection,GOOD,not_detected,al-khaser,False,2026-06-10T16:10:36.816218+00:00,win10_vbox_default,0.7839
checking_process_of_malware_analysis_tool_idaq_exe,Checking process of malware analysis tool: idaq.exe,analysis_tools,Analysis Tool Detection,GOOD,not_detected,al-khaser,False,2026-06-10T16:10:36.816218+00:00,win10_vbox_default,0.7839
checking_process_of_malware_analysis_tool_idaq64_exe,Checking process of malware analysis tool: idaq64.exe,analysis_tools,Analysis Tool Detection,GOOD,not_detected,al-khaser,False,2026-06-10T16:10:36.816218+00:00,win10_vbox_default,0.7839
checking_process_of_malware_analysis_tool_immunitydebugger_exe,Checking process of malware analysis tool: ImmunityDebugger.exe,analysis_tools,Analysis Tool Detection,GOOD,not_detected,al-khaser,False,2026-06-10T16:10:36.816218+00:00,win10_vbox_default,0.7839
checking_process_of_malware_analysis_tool_wireshark_exe,Checking process of malware analysis tool: Wireshark.exe,analysis_tools,Analysis Tool Detection,GOOD,not_detected,al-khaser,False,2026-06-10T16:10:36.816218+00:00,win10_vbox_default,0.7839
checking_process_of_malware_analysis_tool_dumpcap_exe,Checking process of malware analysis tool: dumpcap.exe,analysis_tools,Analysis Tool Detection,GOOD,not_detected,al-khaser,False,2026-06-10T16:10:36.816218+00:00,win10_vbox_default,0.7839
checking_process_of_malware_analysis_tool_hookexplorer_exe,Checking process of malware analysis tool: HookExplorer.exe,analysis_tools,Analysis Tool Detection,GOOD,not_detected,al-khaser,False,2026-06-10T16:10:36.816218+00:00,win10_vbox_default,0.7839
checking_process_of_malware_analysis_tool_importrec_exe,Checking process of malware analysis tool: ImportREC.exe,analysis_tools,Analysis Tool Detection,GOOD,not_detected,al-khaser,False,2026-06-10T16:10:36.816218+00:00,win10_vbox_default,0.7839
checking_process_of_malware_analysis_tool_petools_exe,Checking process of malware analysis tool: PETools.exe,analysis_tools,Analysis Tool Detection,GOOD,not_detected,al-khaser,False,2026-06-10T16:10:36.816218+00:00,win10_vbox_default,0.7839
checking_process_of_malware_analysis_tool_lordpe_exe,Checking process of malware analysis tool: LordPE.exe,analysis_tools,Analysis Tool Detection,GOOD,not_detected,al-khaser,False,2026-06-10T16:10:36.816218+00:00,win10_vbox_default,0.7839
checking_process_of_malware_analysis_tool_sysinspector_exe,Checking process of malware analysis tool: SysInspector.exe,analysis_tools,Analysis Tool Detection,GOOD,not_detected,al-khaser,False,2026-06-10T16:10:36.816218+00:00,win10_vbox_default,0.7839
checking_process_of_malware_analysis_tool_proc_analyzer_exe,Checking process of malware analysis tool: proc_analyzer.exe,analysis_tools,Analysis Tool Detection,GOOD,not_detected,al-khaser,False,2026-06-10T16:10:36.816218+00:00,win10_vbox_default,0.7839
checking_process_of_malware_analysis_tool_sysanalyzer_exe,Checking process of malware analysis tool: sysAnalyzer.exe,analysis_tools,Analysis Tool Detection,GOOD,not_detected,al-khaser,False,2026-06-10T16:10:36.816218+00:00,win10_vbox_default,0.7839
checking_process_of_malware_analysis_tool_sniff_hit_exe,Checking process of malware analysis tool: sniff_hit.exe,analysis_tools,Analysis Tool Detection,GOOD,not_detected,al-khaser,False,2026-06-10T16:10:36.816218+00:00,win10_vbox_default,0.7839
checking_process_of_malware_analysis_tool_windbg_exe,Checking process of malware analysis tool: windbg.exe,analysis_tools,Analysis Tool Detection,GOOD,not_detected,al-khaser,False,2026-06-10T16:10:36.816218+00:00,win10_vbox_default,0.7839
checking_process_of_malware_analysis_tool_joeboxcontrol_exe,Checking process of malware analysis tool: joeboxcontrol.exe,analysis_tools,Analysis Tool Detection,GOOD,not_detected,al-khaser,False,2026-06-10T16:10:36.816218+00:00,win10_vbox_default,0.7839
checking_process_of_malware_analysis_tool_joeboxserver_exe,Checking process of malware analysis tool: joeboxserver.exe,analysis_tools,Analysis Tool Detection,GOOD,not_detected,al-khaser,False,2026-06-10T16:10:36.816218+00:00,win10_vbox_default,0.7839
checking_process_of_malware_analysis_tool_resourcehacker_exe,Checking process of malware analysis tool: ResourceHacker.exe,analysis_tools,Analysis Tool Detection,GOOD,not_detected,al-khaser,True,2026-06-10T16:10:36.816218+00:00,win10_vbox_default,0.7839
checking_process_of_malware_analysis_tool_x32dbg_exe,Checking process of malware analysis tool: x32dbg.exe,analysis_tools,Analysis Tool Detection,GOOD,not_detected,al-khaser,False,2026-06-10T16:10:36.816218+00:00,win10_vbox_default,0.7839
checking_process_of_malware_analysis_tool_x64dbg_exe,Checking process of malware analysis tool: x64dbg.exe,analysis_tools,Analysis Tool Detection,GOOD,not_detected,al-khaser,False,2026-06-10T16:10:36.816218+00:00,win10_vbox_default,0.7839
checking_process_of_malware_analysis_tool_fiddler_exe,Checking process of malware analysis tool: Fiddler.exe,analysis_tools,Analysis Tool Detection,GOOD,not_detected,al-khaser,False,2026-06-10T16:10:36.816218+00:00,win10_vbox_default,0.7839
checking_process_of_malware_analysis_tool_httpdebugger_exe,Checking process of malware analysis tool: httpdebugger.exe,analysis_tools,Analysis Tool Detection,GOOD,not_detected,al-khaser,False,2026-06-10T16:10:36.816218+00:00,win10_vbox_default,0.7839
checking_process_of_malware_analysis_tool_cheatengine_i386_exe,Checking process of malware analysis tool: cheatengine-i386.exe,analysis_tools,Analysis Tool Detection,GOOD,not_detected,al-khaser,False,2026-06-10T16:10:36.816218+00:00,win10_vbox_default,0.7839
checking_process_of_malware_analysis_tool_cheatengine_x86_64_exe,Checking process of malware analysis tool: cheatengine-x86_64.exe,analysis_tools,Analysis Tool Detection,GOOD,not_detected,al-khaser,False,2026-06-10T16:10:36.816218+00:00,win10_vbox_default,0.7839
checking_process_of_malware_analysis_tool_cheatengine_x86_64_sse4_avx2_exe,Checking process of malware analysis tool: cheatengine-x86_64-SSE4-AVX2.exe,analysis_tools,Analysis Tool Detection,GOOD,not_detected,al-khaser,False,2026-06-10T16:10:36.816218+00:00,win10_vbox_default,0.7839
checking_process_of_malware_analysis_tool_frida_helper_32_exe,Checking process of malware analysis tool: frida-helper-32.exe,analysis_tools,Analysis Tool Detection,GOOD,not_detected,al-khaser,False,2026-06-10T16:10:36.816218+00:00,win10_vbox_default,0.7839
checking_process_of_malware_analysis_tool_frida_helper_64_exe,Checking process of malware analysis tool: frida-helper-64.exe,analysis_tools,Analysis Tool Detection,GOOD,not_detected,al-khaser,False,2026-06-10T16:10:36.816218+00:00,win10_vbox_default,0.7839
checking_process_of_malware_analysis_tool_ghidra_exe,Checking process of malware analysis tool: ghidra.exe,analysis_tools,Analysis Tool Detection,GOOD,not_detected,al-khaser,False,2026-06-10T16:10:36.816218+00:00,win10_vbox_default,0.7839
checking_process_of_malware_analysis_tool_radare2_exe,Checking process of malware analysis tool: radare2.exe,analysis_tools,Analysis Tool Detection,GOOD,not_detected,al-khaser,False,2026-06-10T16:10:36.816218+00:00,win10_vbox_default,0.7839
checking_process_of_malware_analysis_tool_r2_exe,Checking process of malware analysis tool: r2.exe,analysis_tools,Analysis Tool Detection,GOOD,not_detected,al-khaser,False,2026-06-10T16:10:36.816218+00:00,win10_vbox_default,0.7839
checking_process_of_malware_analysis_tool_cutter_exe,Checking process of malware analysis tool: cutter.exe,analysis_tools,Analysis Tool Detection,GOOD,not_detected,al-khaser,False,2026-06-10T16:10:36.816218+00:00,win10_vbox_default,0.7839
checking_process_of_malware_analysis_tool_dnspy_exe,Checking process of malware analysis tool: dnSpy.exe,analysis_tools,Analysis Tool Detection,GOOD,not_detected,al-khaser,False,2026-06-10T16:10:36.816218+00:00,win10_vbox_default,0.7839
checking_process_of_malware_analysis_tool_dnspyex_exe,Checking process of malware analysis tool: dnSpyEx.exe,analysis_tools,Analysis Tool Detection,GOOD,not_detected,al-khaser,False,2026-06-10T16:10:36.816218+00:00,win10_vbox_default,0.7839
checking_process_of_malware_analysis_tool_ilspy_exe,Checking process of malware analysis tool: ILSpy.exe,analysis_tools,Analysis Tool Detection,GOOD,not_detected,al-khaser,False,2026-06-10T16:10:36.816218+00:00,win10_vbox_default,0.7839
checking_process_of_malware_analysis_tool_hxd_exe,Checking process of malware analysis tool: HxD.exe,analysis_tools,Analysis Tool Detection,GOOD,not_detected,al-khaser,False,2026-06-10T16:10:36.816218+00:00,win10_vbox_default,0.7839
checking_process_of_malware_analysis_tool_systeminformer_exe,Checking process of malware analysis tool: SystemInformer.exe,analysis_tools,Analysis Tool Detection,GOOD,not_detected,al-khaser,False,2026-06-10T16:10:36.816218+00:00,win10_vbox_default,0.7839
checking_process_of_malware_analysis_tool_detectiteasy_exe,Checking process of malware analysis tool: DetectItEasy.exe,analysis_tools,Analysis Tool Detection,GOOD,not_detected,al-khaser,False,2026-06-10T16:10:36.816218+00:00,win10_vbox_default,0.7839
checking_process_of_malware_analysis_tool_fakenet_exe,Checking process of malware analysis tool: FakeNet.exe,analysis_tools,Analysis Tool Detection,GOOD,not_detected,al-khaser,False,2026-06-10T16:10:36.816218+00:00,win10_vbox_default,0.7839
using_isdebuggerpresent,Using IsDebuggerPresent(),anti_debug,Anti-Debug Checks,ok,not_detected,pafish,False,2026-06-10T16:10:37.619219+00:00,win10_vbox_default,32.3532
using_beingdebugged_via_peb_access,Using BeingDebugged via PEB access,anti_debug,Anti-Debug Checks,ok,not_detected,pafish,False,2026-06-10T16:10:37.619219+00:00,win10_vbox_default,32.3532
checking_the_difference_between_cpu_timestamp_counters_rdtsc,Checking the difference between CPU timestamp counters (rdtsc),timing_attacks,Timing Attacks,ok,not_detected,pafish,False,2026-06-10T16:10:37.619219+00:00,win10_vbox_default,32.3532
checking_the_difference_between_cpu_timestamp_counters_rdtsc_forcing_vm_exit,Checking the difference between CPU timestamp counters (rdtsc) forcing VM exit,timing_attacks,Timing Attacks,traced!,detected,pafish,False,2026-06-10T16:10:37.619219+00:00,win10_vbox_default,32.3532
checking_hypervisor_bit_in_cpuid_feature_bits,Checking hypervisor bit in cpuid feature bits,vm_checks,VM Detection Checks,traced!,detected,pafish,False,2026-06-10T16:10:37.619219+00:00,win10_vbox_default,32.3532
checking_cpuid_hypervisor_vendor_for_known_vm_vendors,Checking cpuid hypervisor vendor for known VM vendors,vm_checks,VM Detection Checks,traced!,detected,pafish,False,2026-06-10T16:10:37.619219+00:00,win10_vbox_default,32.3532
checking_username,Checking username,vm_checks,VM Detection Checks,ok,not_detected,pafish,False,2026-06-10T16:10:37.619219+00:00,win10_vbox_default,32.3532
checking_file_path,Checking file path,vm_checks,VM Detection Checks,ok,not_detected,pafish,False,2026-06-10T16:10:37.619219+00:00,win10_vbox_default,32.3532
checking_common_sample_names_in_drives_root,Checking common sample names in drives root,vm_checks,VM Detection Checks,ok,not_detected,pafish,False,2026-06-10T16:10:37.619219+00:00,win10_vbox_default,32.3532
checking_if_disk_size_60gb_via_deviceiocontrol,Checking if disk size <= 60GB via DeviceIoControl(),vm_checks,VM Detection Checks,ok,not_detected,pafish,False,2026-06-10T16:10:37.619219+00:00,win10_vbox_default,32.3532
checking_if_disk_size_60gb_via_getdiskfreespaceexa,Checking if disk size <= 60GB via GetDiskFreeSpaceExA(),vm_checks,VM Detection Checks,traced!,detected,pafish,False,2026-06-10T16:10:37.619219+00:00,win10_vbox_default,32.3532
checking_if_sleep_is_patched_using_gettickcount,Checking if Sleep() is patched using GetTickCount(),timing_attacks,Timing Attacks,ok,not_detected,pafish,False,2026-06-10T16:10:37.619219+00:00,win10_vbox_default,32.3532
checking_if_numberofprocessors_is_2_via_peb_access,Checking if NumberOfProcessors is < 2 via PEB access,vm_checks,VM Detection Checks,ok,not_detected,pafish,False,2026-06-10T16:10:37.619219+00:00,win10_vbox_default,32.3532
checking_if_numberofprocessors_is_2_via_getsysteminfo,Checking if NumberOfProcessors is < 2 via GetSystemInfo(),vm_checks,VM Detection Checks,ok,not_detected,pafish,False,2026-06-10T16:10:37.619219+00:00,win10_vbox_default,32.3532
checking_if_pysical_memory_is_1gb,Checking if pysical memory is < 1Gb,vm_checks,VM Detection Checks,ok,not_detected,pafish,False,2026-06-10T16:10:37.619219+00:00,win10_vbox_default,32.3532
checking_operating_system_uptime_using_gettickcount,Checking operating system uptime using GetTickCount(),vm_checks,VM Detection Checks,ok,not_detected,pafish,False,2026-06-10T16:10:37.619219+00:00,win10_vbox_default,32.3532
checking_if_operating_system_isnativevhdboot,Checking if operating system IsNativeVhdBoot(),vm_checks,VM Detection Checks,ok,not_detected,pafish,False,2026-06-10T16:10:37.619219+00:00,win10_vbox_default,32.3532
checking_function_shellexecuteexw_method_1,Checking function ShellExecuteExW method 1,anti_debug,Anti-Debug Checks,ok,not_detected,pafish,False,2026-06-10T16:10:37.619219+00:00,win10_vbox_default,32.3532
checking_function_createprocessa_method_1,Checking function CreateProcessA method 1,anti_debug,Anti-Debug Checks,ok,not_detected,pafish,False,2026-06-10T16:10:37.619219+00:00,win10_vbox_default,32.3532
using_getmodulehandle_sbiedll_dll,Using GetModuleHandle(sbiedll.dll),vm_checks,VM Detection Checks,ok,not_detected,pafish,False,2026-06-10T16:10:37.619219+00:00,win10_vbox_default,32.3532
using_getprocaddress_wine_get_unix_file_name_from_kernel32_dll,Using GetProcAddress(wine_get_unix_file_name) from kernel32.dll,vm_checks,VM Detection Checks,ok,not_detected,pafish,False,2026-06-10T16:10:37.619219+00:00,win10_vbox_default,32.3532
reg_key_hkcu_software_wine,Reg key (HKCU\SOFTWARE\Wine),vm_checks,VM Detection Checks,ok,not_detected,pafish,False,2026-06-10T16:10:37.619219+00:00,win10_vbox_default,32.3532
scsi_port_bus_target_id_logical_unit_id_0_identifier,Scsi port->bus->target id->logical unit id-> 0 identifier,vm_checks,VM Detection Checks,traced!,detected,pafish,True,2026-06-10T16:10:37.619219+00:00,win10_vbox_default,32.3532
reg_key_hklm_hardware_description_system_systembiosversion,"Reg key (HKLM\HARDWARE\Description\System ""SystemBiosVersion"")",vm_checks,VM Detection Checks,traced!,detected,pafish,True,2026-06-10T16:10:37.619219+00:00,win10_vbox_default,32.3532
reg_key_hklm_software_oracle_virtualbox_guest_additions,Reg key (HKLM\SOFTWARE\Oracle\VirtualBox Guest Additions),vm_checks,VM Detection Checks,ok,not_detected,pafish,False,2026-06-10T16:10:37.619219+00:00,win10_vbox_default,32.3532
reg_key_hklm_hardware_description_system_videobiosversion,"Reg key (HKLM\HARDWARE\Description\System ""VideoBiosVersion"")",vm_checks,VM Detection Checks,traced!,detected,pafish,False,2026-06-10T16:10:37.619219+00:00,win10_vbox_default,32.3532
reg_key_hklm_hardware_acpi_dsdt_vbox,Reg key (HKLM\HARDWARE\ACPI\DSDT\VBOX__),vm_checks,VM Detection Checks,traced!,detected,pafish,False,2026-06-10T16:10:37.619219+00:00,win10_vbox_default,32.3532
reg_key_hklm_hardware_acpi_fadt_vbox,Reg key (HKLM\HARDWARE\ACPI\FADT\VBOX__),vm_checks,VM Detection Checks,traced!,detected,pafish,False,2026-06-10T16:10:37.619219+00:00,win10_vbox_default,32.3532
reg_key_hklm_hardware_acpi_rsdt_vbox,Reg key (HKLM\HARDWARE\ACPI\RSDT\VBOX__),vm_checks,VM Detection Checks,traced!,detected,pafish,False,2026-06-10T16:10:37.619219+00:00,win10_vbox_default,32.3532
reg_key_hklm_system_controlset001_services_vbox,Reg key (HKLM\SYSTEM\ControlSet001\Services\VBox*),vm_checks,VM Detection Checks,ok,not_detected,pafish,False,2026-06-10T16:10:37.619219+00:00,win10_vbox_default,32.3532
reg_key_hklm_hardware_description_system_systembiosdate,"Reg key (HKLM\HARDWARE\DESCRIPTION\System ""SystemBiosDate"")",vm_checks,VM Detection Checks,traced!,detected,pafish,False,2026-06-10T16:10:37.619219+00:00,win10_vbox_default,32.3532
driver_files_in_c_windows_system32_drivers_vbox,Driver files in C:\WINDOWS\system32\drivers\VBox*,vm_checks,VM Detection Checks,ok,not_detected,pafish,False,2026-06-10T16:10:37.619219+00:00,win10_vbox_default,32.3532
additional_system_files,Additional system files,vm_checks,VM Detection Checks,ok,not_detected,pafish,False,2026-06-10T16:10:37.619219+00:00,win10_vbox_default,32.3532
looking_for_a_mac_address_starting_with_08_00_27,Looking for a MAC address starting with 08:00:27,vm_checks,VM Detection Checks,traced!,detected,pafish,False,2026-06-10T16:10:37.619219+00:00,win10_vbox_default,32.3532
looking_for_pseudo_devices,Looking for pseudo devices,vm_checks,VM Detection Checks,ok,not_detected,pafish,True,2026-06-10T16:10:37.619219+00:00,win10_vbox_default,32.3532
looking_for_vboxtray_windows,Looking for VBoxTray windows,vm_checks,VM Detection Checks,ok,not_detected,pafish,False,2026-06-10T16:10:37.619219+00:00,win10_vbox_default,32.3532
looking_for_vbox_network_share,Looking for VBox network share,vm_checks,VM Detection Checks,ok,not_detected,pafish,False,2026-06-10T16:10:37.619219+00:00,win10_vbox_default,32.3532
looking_for_vbox_processes_vboxservice_exe_vboxtray_exe,"Looking for VBox processes (vboxservice.exe, vboxtray.exe)",vm_checks,VM Detection Checks,ok,not_detected,pafish,False,2026-06-10T16:10:37.619219+00:00,win10_vbox_default,32.3532
looking_for_vbox_devices_using_wmi,Looking for VBox devices using WMI,vm_checks,VM Detection Checks,traced!,detected,pafish,False,2026-06-10T16:10:37.619219+00:00,win10_vbox_default,32.3532
scsi_port_0_1_2_bus_target_id_logical_unit_id_0_identifier,"Scsi port 0,1,2 ->bus->target id->logical unit id-> 0 identifier",vm_checks,VM Detection Checks,ok,not_detected,pafish,False,2026-06-10T16:10:37.619219+00:00,win10_vbox_default,32.3532
reg_key_hklm_software_vmware_inc_vmware_tools,"Reg key (HKLM\SOFTWARE\VMware, Inc.\VMware Tools)",vm_checks,VM Detection Checks,ok,not_detected,pafish,False,2026-06-10T16:10:37.619219+00:00,win10_vbox_default,32.3532
looking_for_c_windows_system32_drivers_vmmouse_sys,Looking for C:\WINDOWS\system32\drivers\vmmouse.sys,vm_checks,VM Detection Checks,ok,not_detected,pafish,False,2026-06-10T16:10:37.619219+00:00,win10_vbox_default,32.3532
looking_for_c_windows_system32_drivers_vmhgfs_sys,Looking for C:\WINDOWS\system32\drivers\vmhgfs.sys,vm_checks,VM Detection Checks,ok,not_detected,pafish,False,2026-06-10T16:10:37.619219+00:00,win10_vbox_default,32.3532
looking_for_a_mac_address_starting_with_00_05_69_00_0c_29_00_1c_14_or_00_50_56,"Looking for a MAC address starting with 00:05:69, 00:0C:29, 00:1C:14 or 00:50:56",vm_checks,VM Detection Checks,ok,not_detected,pafish,False,2026-06-10T16:10:37.619219+00:00,win10_vbox_default,32.3532
looking_for_network_adapter_name,Looking for network adapter name,vm_checks,VM Detection Checks,ok,not_detected,pafish,False,2026-06-10T16:10:37.619219+00:00,win10_vbox_default,32.3532
looking_for_vmware_serial_number,Looking for VMware serial number,vm_checks,VM Detection Checks,ok,not_detected,pafish,False,2026-06-10T16:10:37.619219+00:00,win10_vbox_default,32.3532
cpuid_cpu_brand_string_qemu_virtual_cpu,cpuid CPU brand string 'QEMU Virtual CPU',vm_checks,VM Detection Checks,ok,not_detected,pafish,False,2026-06-10T16:10:37.619219+00:00,win10_vbox_default,32.3532
cpuid_amd_wrong_value_for_processor_name,cpuid AMD wrong value for processor name,vm_checks,VM Detection Checks,ok,not_detected,pafish,False,2026-06-10T16:10:37.619219+00:00,win10_vbox_default,32.3532
cpuid_intel_wrong_value_for_processor_name,cpuid Intel wrong value for processor name,vm_checks,VM Detection Checks,ok,not_detected,pafish,False,2026-06-10T16:10:37.619219+00:00,win10_vbox_default,32.3532
looking_in_the_tls_for_the_hooks_information_structure,Looking in the TLS for the hooks information structure,anti_debug,Anti-Debug Checks,ok,not_detected,pafish,False,2026-06-10T16:10:37.619219+00:00,win10_vbox_default,32.3532
